{"cameraMode":{"drawMode":0,"name":"Shaded","section":"Shading Mode"},"sceneLighting":true,"audioPlay":false,"sceneViewState":{"showFog":false,"showMaterialUpdate":false,"showSkybox":true,"showFlares":false,"showImageEffects":false,"showParticleSystems":false},"in2DMode":false,"pivot":{"x":0.453610897064209,"y":1.258690595626831,"z":-0.12594258785247804},"rotation":{"x":0.2495230883359909,"y":0.573269784450531,"z":-0.18890084326267243,"w":0.7572446465492249},"size":3.3073947429656984,"orthographic":false}